sample_id,group,batch,GENE01,GENE02,GENE03,GENE04,GENE05,GENE06,GENE07,GENE08,GENE09,GENE10,GENE11,GENE12
S001,control,A,8.95,7.76,7.53,8.63,7.16,8.63,5.69,8.49,8.13,7.69,7.95,7.62
S002,CTRL,A,8.31,10.69,8.39,9.6,7.8,8.42,9.18,6.14,9.29,8.64,7.1,9.12
S003,control,A,7.33,6.88,7.44,9.69,5.73,7.83,7.15,8.44,6.37,6.41,6.35,7.05
S004,CTRL,A,9.63,8.55,9.13,8.98,8.18,8.17,7.02,5.75,6.85,6.33,9.65,9.14
S005,,A,7.99,5.5,7.66,10.29,6.89,6.03,6.95,7.66,7.58,5.69,8.53,8.68
S006,Control,A,7.38,5.69,7.01,6.44,7.56,4.65,7.73,6.95,6.73,8.32,10.79,6.7
S007,Control,A,4.51,8.69,5.31,7.26,10.2,6.54,10.43,7.76,6.82,10.21,5.33,9.61
S008,Control,A,8.83,10.43,5.84,11.19,7.33,9.84,7.32,8.96,8.04,6.89,7.02,10.41
S009,CTRL,A,6.61,7.76,n/a,7.64,7.79,7.94,7.75,9.77,8.16,8.1,7.89,12.17
S010,control,A,7.16,7.72,8.93,5.43,8.41,4.6,7.69,7.33,7.05,5.43,8.42,4.78
S011,CTRL,A,9.63,7.3,8.19,11.21,7.16,10.29,5.82,5.45,8.06,6.42,7.75,8.05
S012,control,A,7.7,7.93,7.83,8.8,7.39,9.65,9.44,8.74,9.29,9.67,4.75,9.67
S013,control,A,9.27,8.23,7.37,6.99,10.41,7.34,6.71,8.2,8.98,8.43,9.58,7.1
S014,control,A,9.47,7.74,6.06,8.05,5.79,6.97,5.07,5.91,9.49,9.85,8.24,6.16
S015,control,A,8.44,5.52,7.15,9.45,8.49,7.33,5.91,8.48,7.85,5.83,9.29,7.3
S016,CTRL,B,6.97,6.5,9.36,9.8,5.73,10.32,10.5,6.82,9.99,724.0,6.28,8.92
S017,Control,B,8.19,7.82,7.44,8.49,6.91,10.48,8.3,8.38,7.49,658.0,6.11,7.88
S018,control,B,6.26,7.41,6.76,8.16,6.36,6.38,5.81,8.28,8.05,836.0,8.73,4.94
S019,Control,B,8.59,8.22,6.34,9.52,8.58,8.14,8.56,5.88,9.42,905.0,6.84,5.07
S020,Control,B,5.4,8.04,n/a,9.3,7.92,9.54,7.58,7.78,9.55,640.0,10.68,6.28
S021,control,B,10.17,5.61,10.35,10.09,7.18,9.11,6.35,7.23,8.76,967.0,6.81,9.29
S022,control,B,8.73,7.9,9.43,7.35,7.58,9.2,10.43,7.55,9.02,913.0,9.95,6.94
S023,control,B,8.37,6.34,9.03,7.64,7.23,8.72,6.58,8.15,7.65,975.0,6.83,8.47
S024,control,B,6.42,6.81,7.35,6.81,6.56,8.39,11.75,5.42,6.06,635.0,9.88,8.35
S025,Control,B,8.23,4.63,6.68,9.14,7.93,5.7,6.41,8.06,6.53,623.0,7.9,8.73
S026,Control,B,6.79,10.27,6.82,6.71,8.63,6.92,5.18,9.42,9.84,786.0,8.87,5.59
S027,control,B,7.63,6.07,6.63,7.78,6.94,7.04,7.28,8.9,9.74,818.0,8.57,6.63
S028,CTRL,B,10.07,8.26,9.22,5.35,8.19,8.29,9.35,6.08,10.4,846.0,5.41,8.03
S029,Control,B,9.34,6.12,10.52,8.43,9.1,10.76,8.63,9.8,8.35,800.0,8.44,8.48
S030,CTRL,B,7.34,8.04,9.21,8.17,8.31,8.0,7.56,9.01,11.93,743.0,8.06,6.08
S031,Treatment,A,14.13,10.6,15.07,11.45,6.7,8.43,7.66,6.99,8.79,7.19,8.13,6.88
S032,Treatment,A,11.97,8.18,7.53,12.89,7.11,6.33,8.11,7.49,9.2,6.2,7.05,9.07
S033,treatment,A,9.19,10.52,11.6,11.97,13.08,6.93,9.36,8.45,9.68,9.45,8.16,6.77
S034,Treatment,A,11.42,13.31,9.57,11.2,13.78,6.9,10.04,7.78,7.56,8.26,8.38,7.76
S035,TREAT,A,12.01,15.41,16.37,14.95,5.53,8.3,8.36,9.54,9.68,8.65,6.76,9.1
S036,TREAT,A,13.86,11.31,7.15,9.98,13.39,9.04,4.41,8.51,9.24,8.5,6.17,9.14
S037,Treatment,A,13.05,12.8,12.38,10.74,5.31,10.91,10.73,9.31,10.63,8.37,8.09,5.92
S038,treatment,A,11.64,11.25,8.09,11.36,13.0,8.9,5.83,3.74,6.96,7.03,7.17,7.26
S039,Treatment,A,13.66,12.52,12.98,12.67,13.86,5.67,9.29,7.35,8.7,8.66,5.38,5.63
S040,treatment,A,11.71,10.29,13.37,9.6,14.65,8.46,10.94,9.58,9.13,6.77,9.19,5.58
S041,Treatment,A,11.99,10.53,12.47,14.09,13.2,6.66,8.66,7.71,7.9,8.07,5.98,9.86
S042,Treatment,A,12.51,9.33,13.18,11.85,14.16,6.88,8.51,6.27,5.24,6.06,8.29,7.81
S043,TREAT,A,11.69,11.32,10.24,14.8,6.26,7.44,7.17,6.28,7.24,6.07,9.85,8.53
S044,treatment,A,8.91,10.61,11.2,13.98,6.23,6.53,"1,240.5",4.11,6.61,10.5,9.59,3.12
S045,treatment,A,12.41,9.72,9.66,13.46,5.65,8.22,9.24,7.45,8.42,5.67,6.05,9.1
S046,Treatment,B,11.88,12.07,11.32,11.74,5.34,6.5,7.16,9.07,7.19,635.0,5.79,9.47
S047,TREAT,B,12.08,8.5,9.45,12.49,14.23,6.47,5.75,6.97,6.8,672.0,7.25,7.89
S048,Treatment,B,11.78,11.17,10.38,11.48,5.85,7.36,9.1,7.05,10.12,820.0,6.12,6.99
S049,Treatment,B,12.93,13.08,12.26,12.05,5.26,5.75,8.67,8.64,8.06,823.0,7.45,7.55
S050,Treatment,B,14.34,12.56,12.22,11.61,5.95,8.1,7.49,6.95,6.15,774.0,10.11,9.11
S051,Treatment,B,10.61,14.1,13.58,12.86,5.03,8.7,8.13,8.33,8.29,822.0,7.43,6.89
S052,Treatment,B,11.18,13.35,7.82,13.69,14.72,8.0,7.13,8.46,7.08,428.0,10.5,6.27
S053,treatment,B,10.07,12.68,11.11,12.3,5.87,7.0,8.46,9.2,10.07,824.0,7.89,6.44
S054,TREAT,B,10.84,12.06,15.25,10.71,5.29,7.03,8.85,7.49,7.76,761.0,6.58,8.67
S055,treatment,B,9.25,12.81,12.35,10.99,14.48,9.67,6.77,9.34,7.47,586.0,9.07,7.79
S056,Treatment,B,13.18,14.42,8.61,11.02,13.99,5.65,6.12,8.71,9.77,984.0,5.28,5.83
S057,Treatment,B,10.49,9.88,12.64,8.02,7.59,8.3,4.13,9.78,5.91,546.0,6.57,7.38
S058,TREAT,B,11.59,8.13,11.2,10.9,13.98,9.77,7.19,6.64,9.52,585.0,8.39,6.57
S059,treatment,B,13.99,11.33,9.33,13.93,4.99,8.4,7.79,11.29,6.96,1009.0,8.13,8.87
S060,TREAT,B,13.04,13.3,10.05,10.89,14.09,5.47,11.28,8.89,9.42,646.0,7.97,8.47
S012,control,A,7.7,7.93,7.83,8.8,7.39,9.65,9.44,8.74,9.29,9.67,4.75,9.67
